{
	"song": {
		"player1": "bf",
		"player2": "morl",
		"events": [
			[
				20911.7647058824,
				[
					[
						"Play Animation",
						"burn",
						"0"
					]
				]
			]
		],
		"notes": [
			{
				"sectionBeats": 4,
				"altAnim": false,
				"mustHitSection": false,
				"lengthInSteps": 16,
				"typeOfSection": 0,
				"sectionNotes": [
					[
						176.470588235294,
						1,
						0,
						"",
						true
					],
					[
						352.941176470588,
						2,
						0,
						"",
						true
					],
					[
						529.411764705882,
						0,
						0,
						"",
						true
					],
					[
						794.117647058824,
						3,
						0,
						"",
						true
					],
					[
						1089.70588235294,
						0,
						0,
						"",
						true
					],
					[
						1191.17647058824,
						1,
						0,
						"",
						true
					],
					[
						1288.23529411765,
						2,
						352.941176470588,
						"",
						true
					]
				],
				"gfSection": false,
				"changeBPM": false,
				"bpm": 150
			},
			{
				"sectionBeats": 4,
				"altAnim": false,
				"mustHitSection": false,
				"lengthInSteps": 16,
				"typeOfSection": 0,
				"sectionNotes": [
					[
						1764.70588235294,
						3,
						0,
						"",
						true
					],
					[
						1941.17647058824,
						0,
						0,
						"",
						true
					],
					[
						2117.64705882353,
						2,
						0,
						"",
						true
					],
					[
						1500,
						1,
						88.2352941176471,
						"",
						true
					],
					[
						2470.58823529412,
						1,
						0,
						"",
						true
					],
					[
						2647.05882352941,
						1,
						0,
						"",
						true
					],
					[
						2470.58823529412,
						0,
						0,
						"",
						true
					],
					[
						2647.05882352941,
						0,
						0,
						"",
						true
					]
				],
				"gfSection": false,
				"changeBPM": false,
				"bpm": 150
			},
			{
				"sectionBeats": 4,
				"altAnim": false,
				"mustHitSection": false,
				"lengthInSteps": 16,
				"typeOfSection": 0,
				"sectionNotes": [
					[
						2823.52941176471,
						3,
						0,
						"",
						true
					],
					[
						3000,
						3,
						0,
						"",
						true
					],
					[
						3176.47058823529,
						2,
						0,
						"",
						true
					],
					[
						3352.94117647059,
						3,
						0,
						"",
						true
					],
					[
						3529.41176470588,
						1,
						0,
						"",
						true
					],
					[
						3705.88235294118,
						0,
						0,
						"",
						true
					],
					[
						3882.35294117647,
						2,
						0,
						"",
						true
					],
					[
						4058.82352941176,
						3,
						0,
						"",
						true
					],
					[
						4147.05882352941,
						1,
						0,
						"",
						true
					]
				],
				"gfSection": false,
				"changeBPM": false,
				"bpm": 170
			},
			{
				"sectionBeats": 4,
				"altAnim": false,
				"mustHitSection": false,
				"lengthInSteps": 16,
				"typeOfSection": 0,
				"sectionNotes": [
					[
						4235.29411764706,
						2,
						0,
						"",
						true
					],
					[
						4500,
						2,
						0,
						"",
						true
					],
					[
						4764.70588235294,
						2,
						0,
						"",
						true
					],
					[
						4941.17647058824,
						0,
						0,
						"",
						true
					],
					[
						5205.88235294118,
						1,
						0,
						"",
						true
					],
					[
						5470.58823529412,
						3,
						0,
						"",
						true
					],
					[
						4235.29411764706,
						3,
						0,
						"",
						true
					],
					[
						4500,
						3,
						0,
						"",
						true
					],
					[
						4764.70588235294,
						3,
						0,
						"",
						true
					]
				],
				"gfSection": false,
				"changeBPM": false,
				"bpm": 170
			},
			{
				"sectionBeats": 4,
				"altAnim": false,
				"mustHitSection": false,
				"lengthInSteps": 16,
				"typeOfSection": 0,
				"sectionNotes": [
					[
						5647.05882352941,
						0,
						0,
						"",
						true
					],
					[
						5911.76470588235,
						0,
						0,
						"",
						true
					],
					[
						6176.47058823529,
						0,
						0,
						"",
						true
					],
					[
						6352.94117647059,
						2,
						0,
						"",
						true
					],
					[
						5647.05882352941,
						1,
						0,
						"",
						true
					],
					[
						5911.76470588235,
						1,
						0,
						"",
						true
					],
					[
						6176.47058823529,
						1,
						0,
						"",
						true
					],
					[
						6705.88235294118,
						3,
						0,
						"",
						true
					]
				],
				"gfSection": false,
				"changeBPM": false,
				"bpm": 170
			},
			{
				"sectionBeats": 4,
				"altAnim": false,
				"mustHitSection": true,
				"lengthInSteps": 16,
				"typeOfSection": 0,
				"sectionNotes": [
					[
						7411.76470588235,
						4,
						0,
						"",
						true
					],
					[
						7411.76470588235,
						2,
						0,
						"",
						true
					],
					[
						7588.23529411765,
						3,
						0,
						"",
						true
					],
					[
						7764.70588235294,
						0,
						264.705882352941,
						"",
						true
					],
					[
						8117.64705882353,
						2,
						264.705882352941,
						"",
						true
					],
					[
						8117.64705882353,
						6,
						0,
						"",
						true
					]
				],
				"gfSection": false,
				"changeBPM": false,
				"bpm": 170
			},
			{
				"sectionBeats": 4,
				"altAnim": false,
				"mustHitSection": true,
				"lengthInSteps": 16,
				"typeOfSection": 0,
				"sectionNotes": [
					[
						8470.58823529412,
						3,
						0,
						"",
						true
					],
					[
						8647.05882352941,
						3,
						0,
						"",
						true
					],
					[
						8823.52941176471,
						1,
						0,
						"",
						true
					],
					[
						9000,
						0,
						0,
						"",
						true
					],
					[
						9176.47058823529,
						2,
						0,
						"",
						true
					],
					[
						9352.94117647059,
						3,
						0,
						"",
						true
					],
					[
						9529.41176470588,
						1,
						0,
						"",
						true
					],
					[
						9705.88235294118,
						3,
						0,
						"",
						true
					],
					[
						8823.52941176471,
						4,
						0,
						"",
						true
					],
					[
						9529.41176470588,
						7,
						0,
						"",
						true
					]
				],
				"gfSection": false,
				"changeBPM": false,
				"bpm": 170
			},
			{
				"sectionBeats": 4,
				"altAnim": false,
				"mustHitSection": true,
				"lengthInSteps": 16,
				"typeOfSection": 0,
				"sectionNotes": [
					[
						9882.35294117647,
						0,
						0,
						"",
						true
					],
					[
						10147.0588235294,
						1,
						0,
						"",
						true
					],
					[
						10411.7647058824,
						2,
						0,
						"",
						true
					],
					[
						10500,
						3,
						0,
						"",
						true
					],
					[
						10588.2352941176,
						0,
						0,
						"",
						true
					],
					[
						10852.9411764706,
						1,
						0,
						"",
						true
					],
					[
						11117.6470588235,
						2,
						0,
						"",
						true
					],
					[
						11205.8823529412,
						3,
						0,
						"",
						true
					],
					[
						10235.2941176471,
						6,
						0,
						"",
						true
					],
					[
						10941.1764705882,
						5,
						0,
						"",
						true
					]
				],
				"gfSection": false,
				"changeBPM": false,
				"bpm": 170
			},
			{
				"sectionBeats": 4,
				"altAnim": false,
				"mustHitSection": true,
				"lengthInSteps": 16,
				"typeOfSection": 0,